Central Topic,Question,Question link,Tags on question,no of answers,Answer 1,Answer 2,Answer 3,Answer 4
IPAD,,https://www.quora.com/https://www.quora.com/
IPAD,,https://www.quora.com/https://www.quora.com/What-are-the-most-clever-iPhone-iPad-signatures-people-use-instead-of-Sent-from-my-iPhone
IPAD,Junaid Rana,https://www.quora.com/https://www.quora.com/What-are-some-cool-things-I-can-do-with-an-iPad
IPAD,7y,https://www.quora.com/https://www.quora.com/I-m-new-to-the-iPhone-is-there-anything-really-cool-I-should-know
IPAD,What is a really cool thing you can do with an iPhone that not many people know about?,https://www.quora.com/https://www.quora.com/What-are-some-cool-things-I-can-do-with-my-iPhone
IPAD,"What are the most clever iPhone/iPad signatures people use instead of ""Sent from my iPhone""?",https://www.quora.com/https://www.quora.com/How-do-I-read-faster-and-comprehend-better-at-the-same-time/answers/1477743710043451?no_redirect=1
IPAD,What are some hidden iPhone tips few people know about?,https://www.quora.com/https://chromewebstore.google.com/detail/synhix/mbhcianpafbengiglmifelchphkmlpci
IPAD,What are some cool things I can do with an iPad?,https://www.quora.com/http://www.lockerdome.com/6417509565866049/7043065178237972
IPAD,"Iâ€™m new to the iPhone, is there anything really cool I should know?",https://www.quora.com/http://www.lifehacker.com.au/2014/10/backspace-in-the-ios-calculator-with-this-swipe-gesture/
IPAD,,https://www.quora.com/http://www.redmondpie.com/hidden-iphone-feature-delete-calculator-digits-with-a-simple-swipe-video/
IPAD,Alex Schmidt,https://www.quora.com/http://www.redmondpie.com/hidden-iphone-feature-delete-calculator-digits-with-a-simple-swipe-video/
IPAD,8y,https://www.quora.com/http://www.wired.com/2016/02/dont-set-your-iphone-back-to-1970-no-matter-what/
IPAD,What cool things can one do with aniPhones (product)and iPad that most people don't know about?,https://www.quora.com/http://sfglobe.com/2016/01/13/nurses-iphone-tip-could-save-your-life-in-an-accident/
IPAD,,https://www.quora.com/http://sfglobe.com/2016/01/13/nurses-iphone-tip-could-save-your-life-in-an-accident/
IPAD,Ellen Burchett,https://www.quora.com/http://aplus.com/a/iphone-tricks-you-didnt-know
IPAD,Timothy McSwain,https://www.quora.com/https://www.icloud.com/photostream/#A7JqRbtKG8pqh5%3B89E30DF1-BFE4-43C9-9791-63FF49922C88
IPAD,9y,https://www.quora.com/https://www.icloud.com/photostream/#A7JqRbtKG8pqh5%3B89E30DF1-BFE4-43C9-9791-63FF49922C88
IPAD,What cool things can one do with aniPhones (product)and iPad that most people don't know about?,https://www.quora.com/https://www.apple.com/in/ipad/why-ipad/#footnote-5
IPAD,,https://www.quora.com/http://www.unlockit.co.nz/
IPAD,Staffone Christian,https://www.quora.com/http://www.apple.com/iphone/iphone-5/tips/
IPAD,7y,https://www.quora.com/http://mobiviki.com/
IPAD,Can iPhones do anything special that most people don't know about?,https://www.quora.com/https://support.apple.com/kb/HT202769
IPAD,What are some cool iPad features most people do not know about?,https://www.quora.com/https://support.apple.com/kb/HT210974
IPAD,What is one random thing you know about iPhones that most people don't?,https://www.quora.com/https://support.apple.com/kb/HT202769
IPAD,What cool things can one do with an iOS device that most people don't know about?,https://www.quora.com/https://support.apple.com/kb/HT210974
IPAD,What are some cool things I can do with my iPhone?,https://www.quora.com/http://www.travelgrom.com/travel-blog/iphone-camera-trick-illusion-panomagic
IPAD,,https://www.quora.com/https://up2go.xyz/Top/
IPAD,Yuvraj Wadhwani,https://www.quora.com/https://up2go.xyz/Top/
IPAD,10y,https://www.quora.com/https://up2go.xyz/Top/
IPAD,What are some cool things I can do with myiPhones (product)that most people don't know about?,https://www.quora.com/https://up2go.xyz/Top/
IPAD,,https://www.quora.com/https://up2go.xyz/Top/
IPAD,Ash Azmi,https://www.quora.com/https://up2go.xyz/Top/
IPAD,Thu,https://www.quora.com/https://up2go.xyz/Top/
IPAD,SynhixRead in color with Synhix -- syntax highlighting browser extensionhttps://chromewebstore.google.com/detail/synhix/mbhcianpafbengiglmifelchphkmlpci,https://www.quora.com/https://up2go.xyz/Top/
IPAD,,https://www.quora.com/https://up2go.xyz/Top/
IPAD,Yoav Perry,https://www.quora.com/https://up2go.xyz/Top/
IPAD,11y,https://www.quora.com/https://up2go.xyz/Top/
IPAD,What are some cool things I can do with myiPhones (product)that most people don't know about?,https://www.quora.com/https://up2go.xyz/Top/
IPAD,,https://www.quora.com/https://up2go.xyz/Top/
IPAD,Marlon Misra,https://www.quora.com/https://up2go.xyz/Top/
IPAD,Updated 8y,https://www.quora.com/https://up2go.xyz/Top/
IPAD,,https://www.quora.com/https://up2go.xyz/Top/
IPAD,Steve Tamburello,https://www.quora.com/https://up2go.xyz/Top/
IPAD,LockerDome,https://www.quora.com/https://up2go.xyz/Top/
IPAD,Lifehacker,https://www.quora.com/https://up2go.xyz/Top/
IPAD,10y,https://www.quora.com/https://www.quora.com/What-are-the-most-clever-iPhone-iPad-signatures-people-use-instead-of-Sent-from-my-iPhone
IPAD,What cool things can one do with aniPhones (product)and iPad that most people don't know about?,https://www.quora.com/https://www.quora.com/What-are-some-cool-things-I-can-do-with-an-iPad
IPAD,http://www.redmondpie.com/hidden-iphone-feature-delete-calculator-digits-with-a-simple-swipe-video/,https://www.quora.com/https://www.quora.com/I-m-new-to-the-iPhone-is-there-anything-really-cool-I-should-know
IPAD,http://www.redmondpie.com/hidden-iphone-feature-delete-calculator-digits-with-a-simple-swipe-video/,https://www.quora.com/https://www.quora.com/What-are-some-cool-things-I-can-do-with-my-iPhone
IPAD,,https://www.quora.com/https://www.quora.com/unanswered/What-are-some-cool-things-you-can-do-with-an-iPhone-Xr-that-not-many-people-know
IPAD,Nick Baily,https://www.quora.com/https://www.quora.com/What-are-some-cool-things-you-can-do-with-two-iPads
IPAD,Updated 9y,https://www.quora.com/https://www.quora.com/What-are-some-things-most-people-dont-know-they-could-do-with-their-iPhones
IPAD,What are some cool things I can do with myiPhones (product)that most people don't know about?,https://www.quora.com/https://www.quora.com/What-can-an-iPad-do-that-my-iPhone-cant
IPAD,,https://www.quora.com/https://www.quora.com/What-are-the-most-clever-iPhone-iPad-signatures-people-use-instead-of-Sent-from-my-iPhone
IPAD,Kartik Ayyar,https://www.quora.com/https://www.quora.com/What-are-some-cool-things-I-can-do-with-an-iPad
IPAD,Updated 9y,https://www.quora.com/https://www.quora.com/I-m-new-to-the-iPhone-is-there-anything-really-cool-I-should-know
